Telefono,iPhone 13
Telefono,Samsung Galaxy S21
Telefono,HP Spectre x360
Telefono,Apple MacBook Pro
Telefono,Google Pixel 6
Telefono,Dell XPS 13
Telefono,Lenovo ThinkPad X1 Carbon
Telefono,OnePlus 9
Telefono,Xiaomi Mi 11
Telefono,Asus ZenBook 14
Telefono,Microsoft Surface Laptop 4
Telefono,OnePlus Nord
Telefono,Lenovo Legion 5
Telefono,Google Pixel 5a
Telefono,HP Envy x360
Telefono,Microsoft Surface Pro 7
Telefono,Apple iPhone 12
Telefono,Asus ROG Zephyrus G14
Telefono,Samsung Galaxy A52
Telefono,Dell Inspiron 15
Telefono,Lenovo Yoga C740
Telefono,Xiaomi Redmi Note 10
Telefono,Apple iMac
Telefono,OnePlus 8T
Telefono,HP Pavilion x360
Telefono,Microsoft Surface Book 3
Telefono,Sony Xperia 1 III
Telefono,Google Pixel 4a
Telefono,Asus VivoBook
Telefono,Dell Alienware Area-51m
Telefono,Samsung Galaxy Z Fold 3
Telefono,OnePlus 7 Pro
Telefono,Samsung
